position,gsis_id,display_name,sleeper_id
QB,00-0022942,Philip Rivers,331
QB,00-0023459,Aaron Rodgers,96
QB,00-0026158,Joe Flacco,19
QB,00-0026300,Josh Johnson,260
QB,00-0026498,Matthew Stafford,421
QB,00-0027973,Andy Dalton,829
QB,00-0028118,Tyrod Taylor,827
QB,00-0029263,Russell Wilson,1234
QB,00-0029604,Kirk Cousins,1166
QB,00-0028986,Case Keenum,1737
QB,00-0030565,Geno Smith,1373
QB,00-0031237,Teddy Bridgewater,2152
QB,00-0031280,Derek Carr,2028
QB,00-0031345,Jimmy Garoppolo,1837
QB,00-0031503,Jameis Winston,2306
QB,00-0031800,Taylor Heinicke,2711
QB,00-0032156,Trevor Siemian,2549
QB,00-0032268,Marcus Mariota,2307
QB,00-0032434,Brandon Allen,3357
QB,00-0032436,Jeff Driskel,3362
QB,00-0032950,Carson Wentz,3161
QB,00-0033077,Dak Prescott,3294
QB,00-0033106,Jared Goff,3163
QB,00-0033119,Jacoby Brissett,3257
QB,00-0033319,Nick Mullens,4464
QB,00-0033357,Taysom Hill,4381
QB,00-0033537,Deshaun Watson,4017
QB,00-0033662,Cooper Rush,4574
QB,00-0033869,Mitchell Trubisky,3976
QB,00-0033873,Patrick Mahomes,4046
QB,00-0033936,C.J. Beathard,4127
QB,00-0033949,Joshua Dobbs,4179
QB,00-0034401,Mike White,5089
QB,00-0034438,Logan Woodside,5128
QB,00-0034577,Kyle Allen,5127
QB,00-0034771,Mason Rudolph,4972
QB,00-0034796,Lamar Jackson,4881
QB,00-0034855,Baker Mayfield,4892
QB,00-0034857,Josh Allen,4984
QB,00-0034869,Sam Darnold,4943
QB,00-0034899,John Wolford,5806
QB,00-0034955,Brett Rypien,6037
QB,00-0035100,Jake Browning,6111
QB,00-0035228,Kyler Murray,5849
QB,00-0035251,Will Grier,5903
QB,00-0035264,Jarrett Stidham,6136
QB,00-0035282,Easton Stick,6185
QB,00-0035289,Gardner Minshew,6011
TE,00-0035356,Tyree Jackson,6040
QB,00-0035704,Drew Lock,5854
QB,00-0035710,Daniel Jones,5870
QB,00-0035939,Bryce Perkins,7335
QB,00-0035993,Tyler Huntley,7083
QB,00-0036212,Tua Tagovailoa,6768
QB,00-0036264,Jordan Love,6804
QB,00-0036355,Justin Herbert,6797
QB,00-0036384,Ben DiNucci,7143
QB,00-0036389,Jalen Hurts,6904
QB,00-0036442,Joe Burrow,6770
QB,00-0036679,Shane Buechele,8002
TE,00-0036825,Feleipe Franks,7531
QB,00-0036879,Sam Ehlinger,7583
QB,00-0036898,Davis Mills,7585
QB,00-0036928,Kyle Trask,7605
QB,00-0036945,Justin Fields,7591
QB,00-0036971,Trevor Lawrence,7523
QB,00-0036972,Mac Jones,7527
QB,00-0037012,Trey Lance,7610
QB,00-0037013,Zach Wilson,7538
QB,00-0037077,Sam Howell,8162
QB,00-0037324,Chris Oladokun,8413
QB,00-0037327,Skylar Thompson,8206
QB,00-0037834,Brock Purdy,8183
QB,00-0038102,Kenny Pickett,8160
QB,00-0038108,Bailey Zappe,8157
QB,00-0038122,Desmond Ridder,8159
QB,00-0038128,Malik Willis,8161
QB,00-0038391,Sean Clifford,10983
QB,00-0038400,Tanner McKee,9230
QB,00-0038416,Tyson Bagent,11256
QB,00-0038476,Tommy DeVito,11292
QB,00-0038550,Hendon Hooker,9998
QB,00-0038579,Aidan O'Connell,10866
QB,00-0038582,Clayton Tune,10217
QB,00-0038583,Dorian Thompson-Robinson,10862
QB,00-0038658,Adrian Martinez,11065
WR,00-0038911,Malik Cunningham,10860
QB,00-0038998,Jake Haener,10215
QB,00-0039107,Stetson Bennett,10857
QB,00-0039150,Bryce Young,9228
QB,00-0039152,Will Levis,9999
QB,00-0039163,C.J. Stroud,9758
QB,00-0039164,Anthony Richardson,9229
QB,00-0039376,Spencer Rattler,11562
QB,00-0039398,Joe Milton III,11557
QB,00-0039732,Bo Nix,11563
QB,00-0039851,Drake Maye,11564
QB,00-0039910,Jayden Daniels,11566
QB,00-0039917,Michael Penix Jr.,11559
QB,00-0039918,Caleb Williams,11560
QB,00-0039923,J.J. McCarthy,11565
QB,00-0040234,Quinn Ewers,12500
QB,00-0040398,Brady Cook,12538
QB,00-0040668,Shedeur Sanders,12524
QB,00-0040673,Jalen Milroe,12510
QB,00-0040676,Cam Ward,12522
QB,00-0040691,Jaxson Dart,12508
QB,00-0040704,Dillon Gabriel,12486
QB,00-0040743,Tyler Shough,12545
RB,00-0028292,Nick Bellore,815
RB,00-0029892,Kyle Juszczyk,1379
RB,00-0031595,Michael Burton,2471
RB,00-0031687,Raheem Mostert,2749
RB,00-0032104,Ameer Abdullah,2359
RB,00-0032764,Derrick Henry,3198
RB,00-0032918,C.J. Ham,3832
RB,00-0033280,Christian McCaffrey,4034
RB,00-0033293,Aaron Jones,4199
RB,00-0033376,Patrick Ricard,4353
RB,00-0033526,Samaje Perine,4147
RB,00-0033553,James Conner,4137
RB,00-0033699,Austin Ekeler,4663
RB,00-0033854,Dare Ogunbowale,4718
RB,00-0033897,Joe Mixon,4018
RB,00-0033906,Alvin Kamara,4035
RB,00-0033923,Kareem Hunt,4098
RB,00-0033955,Jeremy McNichols,4219
RB,00-0034115,Jeff Wilson,5284
RB,00-0034208,Mike Boone,5209
RB,00-0034367,Nyheim Hines,5347
RB,00-0034681,Chase Edmonds,5000
RB,00-0034791,Nick Chubb,4988
RB,00-0034838,Royce Freeman,5046
RB,00-0034844,Saquon Barkley,4866
RB,00-0034959,Andrew Beck,6323
RB,00-0034972,Alexander Mattison,5987
RB,00-0034975,Justice Hill,5995
RB,00-0035125,Alec Ingold,6109
RB,00-0035243,Miles Sanders,6151
RB,00-0035250,Devin Singletary,6130
RB,00-0035261,Tony Pollard,5967
RB,00-0035291,Trayveon Williams,6144
RB,00-0035311,Myles Gaskin,5980
RB,00-0035537,Ty Johnson,6039
RB,00-0035567,Craig Reynolds,6659
RB,00-0035594,Travis Homer,6012
RB,00-0035628,D'Ernest Johnson,6694
RB,00-0035685,David Montgomery,5892
RB,00-0035700,Josh Jacobs,5850
RB,00-0035726,Jakob Johnson,6202
RB,00-0035924,Jonathan Ward,7087
TE,00-0035956,Giovanni Ricci,7216
RB,00-0035973,Patrick Taylor,6963
RB,00-0036020,Salvon Ahmed,6918
RB,00-0036139,Rico Dowdle,7021
RB,00-0036158,J.K. Dobbins,6806
RB,00-0036187,Reggie Gilliam,7204
RB,00-0036223,Jonathan Taylor,6813
RB,00-0036265,AJ Dillon,6828
RB,00-0036275,D'Andre Swift,6790
RB,00-0036297,Darrynton Evans,7064
RB,00-0036328,Antonio Gibson,6945
RB,00-0036360,Clyde Edwards-Helaire,6820
RB,00-0036414,Cam Akers,6938
RB,00-0036425,DeeJay Dallas,6931
RB,00-0036450,Ke'Shawn Vaughn,6885
RB,00-0036493,Deon Jackson,7551
RB,00-0036555,Chuba Hubbard,7594
RB,00-0036567,Elijah Mitchell,7561
RB,00-0036569,Gary Brightwell,7529
RB,00-0036654,Demetric Felton,7609
RB,00-0036670,Jermar Jefferson,7599
RB,00-0036727,Adam Prentice,8025
RB,00-0036755,Jaret Patterson,7537
RB,00-0036842,Kene Nwangwu,7720
RB,00-0036875,Rhamondre Stevenson,7611
RB,00-0036893,Najee Harris,7528
RB,00-0036906,Khalil Herbert,7608
RB,00-0036919,Kenneth Gainwell,7567
RB,00-0036924,Michael Carter,7607
RB,00-0036950,Avery Williams,7809
RB,00-0036973,Travis Etienne,7543
RB,00-0036984,Trey Sermon,7593
RB,00-0036997,Javonte Williams,7588
RB,00-0037085,Tyler Badie,8208
RB,00-0037120,Tyler Goodson,8207
RB,00-0037157,Bam Knight,8122
RB,00-0037197,Isiah Pacheco,8205
RB,00-0037228,Jaylen Warren,8228
RB,00-0037248,James Cook,8138
RB,00-0037256,Rachaad White,8136
RB,00-0037258,Dameon Pierce,8129
RB,00-0037263,Tyler Allgeier,8132
RB,00-0037267,Jerome Ford,8143
RB,00-0037276,Ty Chandler,8230
RB,00-0037286,Kevin Harris,8174
RB,00-0037299,Keaontay Ingram,8221
RB,00-0037410,Jashaun Corbin,8194
RB,00-0037509,Sincere McCormick,8220
RB,00-0037525,Jordan Mason,8408
RB,00-0037563,Malik Davis,8800
RB,00-0037594,Julius Chestnut,8254
RB,00-0037617,Hassan Haskins,8123
RB,00-0037745,Velus Jones Jr.,8223
RB,00-0037746,Brian Robinson,8154
RB,00-0037827,Tyrion Davis-Price,8211
RB,00-0037840,Kyren Williams,8150
RB,00-0038040,Zamir White,8139
RB,00-0038098,Pierre Strong,8116
RB,00-0038120,Breece Hall,8155
RB,00-0038134,Kenneth Walker III,8151
RB,00-0038389,Israel Abanikanda,9227
RB,00-0038396,Eric Gray,10223
RB,00-0038397,Evan Hull,9220
RB,00-0038454,Keaton Mitchell,9511
RB,00-0038518,Deneric Prince,10870
RB,00-0038542,Bijan Robinson,9509
RB,00-0038551,Kendre Miller,9757
RB,00-0038555,Tank Bigsby,9225
RB,00-0038597,Chase Brown,9224
RB,00-0038611,Chris Rodriguez Jr.,10219
RB,00-0038622,Deuce Vaughn,9505
RB,00-0038636,Kenny McIntosh,10216
RB,00-0038685,Chris Brooks,11370
RB,00-0038705,Emari Demercado,11199
RB,00-0038738,Hunter Luepke,11510
RB,00-0038794,Jaleel McLaughlin,11439
RB,00-0038797,Emanuel Wilson,11435
RB,00-0038951,Sean Tucker,9506
RB,00-0039021,Roschon Johnson,10235
RB,00-0039032,Tyjae Spears,9508
RB,00-0039040,De'Von Achane,9226
RB,00-0039139,Jahmyr Gibbs,9221
RB,00-0039165,Zach Charbonnet,9753
RB,00-0039299,George Holani,12048
RB,00-0039325,Carson Steele,11582
RB,00-0039344,Jonathon Brooks,11583
RB,00-0039361,Bucky Irving,11584
RB,00-0039363,Isaac Guerendo,11651
RB,00-0039364,Sione Vaki,11729
RB,00-0039373,Audric Estimé,11579
RB,00-0039384,Tyrone Tracy Jr.,11655
RB,00-0039391,Kimani Vidal,11647
RB,00-0039393,Jase McClellan,11590
RB,00-0039407,Dylan Laube,11574
RB,00-0039471,Frank Gore Jr.,11573
RB,00-0039573,Blake Watson,11568
RB,00-0039703,Cody Schrader,11644
RB,00-0039738,Blake Corum,11586
RB,00-0039746,Will Shipley,11577
RB,00-0039757,Terrell Jennings,12412
RB,00-0039794,Braelon Allen,11576
RB,00-0039796,Rasheen Ali,11570
RB,00-0039798,Isaiah Davis,11571
RB,00-0039811,MarShawn Lloyd,11581
RB,00-0039874,Jaylen Wright,11643
RB,00-0039875,Ray Davis,11575
RB,00-0039921,Trey Benson,11589
RB,00-0040028,Montrell Johnson Jr.,12868
RB,00-0040078,Brashard Smith,12455
RB,00-0040122,Ashton Jeanty,12527
RB,00-0040142,Kaleb Johnson,12504
RB,00-0040162,Dylan Sampson,12469
RB,00-0040177,Jordan James,12467
RB,00-0040179,DJ Giddens,12471
RB,00-0040198,Ollie Gordon II,12495
RB,00-0040202,Devin Neal,12476
RB,00-0040205,Kalel Mullings,12516
RB,00-0040208,Tahj Brooks,12543
RB,00-0040236,Kyle Monangai,12534
RB,00-0040238,LeQuint Allen Jr.,12544
RB,00-0040242,Jacory Croskey-Merritt,12533
WR,00-0030279,Keenan Allen,1479
WR,00-0030431,Robert Woods,1352
WR,00-0030564,DeAndre Hopkins,1426
WR,00-0030035,Adam Thielen,1689
WR,00-0031235,Odell Beckham Jr.,2078
WR,00-0031236,Brandin Cooks,2197
WR,00-0031381,Davante Adams,2133
WR,00-0031408,Mike Evans,2216
WR,00-0031544,Amari Cooper,2309
WR,00-0031588,Stefon Diggs,2449
TE,00-0031610,Darren Waller,2505
WR,00-0032208,Phillip Dorsett,2334
WR,00-0032211,Tyler Lockett,2374
WR,00-0031763,DeAndre Carter,2750
WR,00-0032385,Sterling Shepard,3200
WR,00-0032398,Chris Moore,3269
WR,00-0032464,Kalif Raymond,3634
WR,00-0032688,Robbie Chosen,3423
WR,00-0032775,Demarcus Robinson,3286
WR,00-0032951,Laquon Treadwell,3155
WR,00-0033040,Tyreek Hill,3321
WR,00-0033282,Curtis Samuel,4082
WR,00-0033292,Trent Taylor,4218
WR,00-0033307,Kendrick Bourne,4454
WR,00-0033375,Tim Patrick,4351
WR,00-0033536,Mike Williams,4068
WR,00-0033555,Mack Hollins,4177
WR,00-0033572,Jamal Agnew,4198
WR,00-0033589,David Moore,4274
WR,00-0033591,Noah Brown,4234
WR,00-0033857,JuJu Smith-Schuster,4040
WR,00-0033891,Zay Jones,4080
WR,00-0033908,Cooper Kupp,4039
WR,00-0033921,Chris Godwin Jr.,4037
WR,00-0033943,Josh Reynolds,4171
WR,00-0034054,River Cracraft,4854
WR,00-0034272,Marquez Valdes-Scantling,5086
WR,00-0034317,Keith Kirkwood,5134
WR,00-0034348,Courtland Sutton,5045
WR,00-0034353,Anthony Miller,5013
WR,00-0034386,Justin Watson,5374
WR,00-0034406,Deon Cain,5101
WR,00-0034407,Ray-Ray McCloud,5096
WR,00-0034411,Russell Gage,5110
WR,00-0034418,Cedrick Wilson Jr.,5113
WR,00-0034419,Braxton Berrios,5121
WR,00-0034487,Trent Sherfield,5154
WR,00-0034521,Allen Lazard,5185
WR,00-0034764,Michael Gallup,5038
WR,00-0034775,Christian Kirk,4950
WR,00-0034827,DJ Moore,4983
WR,00-0034837,Calvin Ridley,4981
WR,00-0034854,KhaDarel Hodge,5773
WR,00-0034860,Dante Pettis,4992
WR,00-0034867,Malik Turner,5781
WR,00-0034928,Steven Sims,6402
WR,00-0034960,Jakobi Meyers,5947
WR,00-0034983,Hunter Renfrow,5955
WR,00-0035021,Ashton Dulin,6427
WR,00-0035140,Mecole Hardman,5917
WR,00-0035208,Olamide Zaccheaus,6271
WR,00-0035216,Diontae Johnson,5937
WR,00-0035298,Scott Miller,6290
WR,00-0035341,Trenton Irwin,6598
WR,00-0035359,David Sills,6154
WR,00-0035406,Lil'Jordan Humphrey,5938
WR,00-0035480,Malik Taylor,6239
WR,00-0035500,Greg Dortch,5970
WR,00-0035535,Darius Slayton,6149
WR,00-0035593,Juwann Winfree,6223
WR,00-0035639,Parris Campbell,5880
WR,00-0035640,DK Metcalf,5846
WR,00-0035659,Terry McLaurin,5927
WR,00-0035662,Marquise Brown,5848
WR,00-0035676,A.J. Brown,5859
WR,00-0035703,Miles Boykin,5965
WR,00-0035719,Deebo Samuel Sr.,5872
WR,00-0035891,Cody White,7039
WR,00-0036133,James Proche,6957
WR,00-0036165,Isaiah Hodgins,6920
WR,00-0036182,Nick Westbrook-Ikhine,7496
WR,00-0036196,Gabe Davis,6943
WR,00-0036219,Marquez Callaway,6989
WR,00-0036252,Michael Pittman,6819
WR,00-0036259,Jauan Jennings,7049
WR,00-0036261,Brandon Aiyuk,6803
WR,00-0036268,Laviska Shenault Jr.,6814
WR,00-0036271,Quez Watkins,6927
WR,00-0036309,Darnell Mooney,7090
WR,00-0036322,Justin Jefferson,6794
WR,00-0036331,Devin Duvernay,6847
WR,00-0036345,K.J. Osborn,7066
WR,00-0036358,CeeDee Lamb,6786
WR,00-0036387,Jalen Reagor,6798
WR,00-0036407,Jerry Jeudy,6783
WR,00-0036410,Tee Higgins,6801
WR,00-0036415,Van Jefferson,6853
WR,00-0036427,Tyler Johnson,6960
WR,00-0036463,Chris Blair,7521
WR,00-0036497,Tim Jones,8013
WR,00-0036550,Rashod Bateman,7571
WR,00-0036554,Nico Collins,7569
WR,00-0036613,Jaylen Waddle,7526
WR,00-0036626,Dyami Brown,7587
WR,00-0036630,Tylan Wallace,7595
WR,00-0036647,Cornell Powell,7541
WR,00-0036849,Tutu Atwell,7562
WR,00-0036862,Ben Skowronek,7757
WR,00-0036900,Ja'Marr Chase,7564
WR,00-0036912,DeVonta Smith,7525
WR,00-0036936,Rondale Moore,7601
WR,00-0036955,Terrace Marshall Jr.,7565
WR,00-0036963,Amon-Ra St. Brown,7547
WR,00-0036980,Elijah Moore,7596
WR,00-0036988,Josh Palmer,7670
WR,00-0037093,Dareke Young,8527
WR,00-0037132,Britain Covey,8414
WR,00-0037238,Drake London,8112
WR,00-0037239,Chris Olave,8144
WR,00-0037240,Jameson Williams,8148
WR,00-0037247,George Pickens,8137
WR,00-0037257,David Bell,8118
WR,00-0037261,Khalil Shakir,8134
WR,00-0037291,Jalen Nailor,8180
WR,00-0037545,Rashid Shaheed,8676
WR,00-0037614,John Metchie III,8147
WR,00-0037664,Alec Pierce,8142
WR,00-0037666,Jalen Tolbert,8117
WR,00-0037740,Garrett Wilson,8146
WR,00-0037741,Jahan Dotson,8119
WR,00-0037742,Treylon Burks,8135
WR,00-0037801,KaVontae Turpin,8917
WR,00-0037816,Romeo Doubs,8121
WR,00-0037837,Calvin Austin III,8125
WR,00-0038090,Skyy Moore,8168
WR,00-0038104,Tyquan Thornton,8188
WR,00-0038117,Wan'Dale Robinson,8126
WR,00-0038124,Christian Watson,8167
WR,00-0038393,Dontayvion Wicks,9486
WR,00-0038465,Malik Heath,11210
WR,00-0038492,Jason Brownlee,11311
WR,00-0038496,Xavier Gipson,11306
WR,00-0038543,Jaxon Smith-Njigba,9488
WR,00-0038544,Quentin Johnston,9754
WR,00-0038559,Michael Wilson,10232
WR,00-0038563,Tre Tucker,10213
WR,00-0038573,Derius Davis,10234
WR,00-0038576,Charlie Jones,10228
WR,00-0038590,Justin Shorter,9489
TE,00-0024243,Marcedes Lewis,111
TE,00-0030061,Zach Ertz,1339
TE,00-0030506,Travis Kelce,1466
TE,00-0031484,Chris Manhertz,3048
TE,00-0032392,Austin Hooper,3202
TE,00-0032394,Nick Vannett,3258
TE,00-0033090,Hunter Henry,3214
TE,00-0033110,Tyler Higbee,3271
TE,00-0033217,Mo Alie-Cox,4054
TE,00-0033246,Johnny Mundt,4314
TE,00-0033288,George Kittle,4217
TE,00-0033439,Pharaoh Brown,4443
TE,00-0033455,Anthony Firkser,4435
TE,00-0033576,Eric Saubert,4189
TE,00-0033757,Robert Tonyan,4602
TE,00-0033858,Jonnu Smith,4144
TE,00-0033881,Evan Engram,4066
TE,00-0033885,David Njoku,4033
TE,00-0034073,Ross Dwelley,5285
TE,00-0034159,Will Dissly,5010
TE,00-0034270,Tyler Conklin,5133
TE,00-0034351,Dallas Goedert,5022
TE,00-0034364,Jordan Akins,5032
TE,00-0034365,Ian Thomas,4995
TE,00-0034383,Dalton Schultz,5001
TE,00-0034613,Tanner Hudson,5409
TE,00-0034753,Mark Andrews,5012
TE,00-0034798,Durham Smythe,5008
TE,00-0034829,Mike Gesicki,4993
TE,00-0034970,Irv Smith,6126
TE,00-0034981,Foster Moreau,5985
TE,00-0035039,Stephen Carlson,6451
TE,00-0035229,T.J. Hockenson,5844
TE,00-0035249,Josh Oliver,5973
TE,00-0035329,Donald Parham,6074
TE,00-0035631,Drew Sample,6001
TE,00-0035644,Noah Fant,5857
TE,00-0035689,Dawson Knox,5906
TE,00-0036032,Sean McKeon,6964
TE,00-0036040,Juwan Johnson,7002
TE,00-0036145,Lawrence Cager,7106
TE,00-0036225,Dalton Keene,7082
TE,00-0036232,Harrison Bryant,6850
TE,00-0036244,Colby Parkinson,6865
TE,00-0036290,Cole Kmet,6826
TE,00-0036332,Josiah Deguara,7050
TE,00-0036422,Adam Trautman,6869
TE,00-0036423,Albert Okwuegbunam,6843
TE,00-0036429,Charlie Woerner,7075
TE,00-0036510,Kenny Yeboah,7597
TE,00-0036556,Brevin Jordan,7568
TE,00-0036590,Quintin Morris,7536
TE,00-0036628,John Bates,7716
TE,00-0036637,Noah Gray,7828
TE,00-0036741,Jack Stoll,7946
TE,00-0036754,Brock Wright,7891
TE,00-0036876,Kylen Granson,7602
TE,00-0036887,Luke Farrell,7842
TE,00-0036894,Pat Freiermuth,7600
TE,00-0036970,Kyle Pitts,7553
TE,00-0037004,Hunter Long,7535
TE,00-0037005,Tommy Tremble,7694
TE,00-0037078,Cole Turner,8214
TE,00-0037086,Grant Calcaterra,8177
TE,00-0037112,Jake Tonges,8698
TE,00-0037252,Greg Dulcich,8172
TE,00-0037277,Teagan Quitoriano,8227
TE,00-0037282,James Mitchell,8170
TE,00-0037304,Connor Heyward,8181
TE,00-0037311,Ko Kieft,8484
TE,00-0037475,Stone Smartt,8583
TE,00-0037539,Lucas Krull,8249
TE,00-0037744,Trey McBride,8130
TE,00-0037755,Jelani Woods,8219
TE,00-0037805,Jeremy Ruckert,8145
TE,00-0037809,Chig Okonkwo,8210
TE,00-0037838,Isaiah Likely,8131
TE,00-0038041,Jake Ferguson,8110
TE,00-0038046,Charlie Kolar,8127
TE,00-0038115,Daniel Bellinger,8225
TE,00-0038129,Cade Otton,8111
TE,00-0038394,Will Mallory,10220
TE,00-0038547,Luke Schoonmaker,10871
TE,00-0038558,Darnell Washington,9479
TE,00-0038589,Josh Whyle,10212
TE,00-0038783,Nate Adkins,11433
TE,00-0038809,Ben Sims,11082
TE,00-0038933,Dalton Kincaid,10236
TE,00-0038935,Brenton Strange,9480
TE,00-0038996,Tucker Kraft,9484
TE,00-0039041,Elijah Higgins,10231
TE,00-0039050,Payne Durham,10227
TE,00-0039065,Sam LaPorta,10859
TE,00-0039066,Michael Mayer,9482
TE,00-0039074,Davis Allen,10214
TE,00-0039144,Luke Musgrave,9481
TE,00-0039338,Brock Bowers,11604
TE,00-0039356,Ja'Tavion Sanders,11600
TE,00-0039359,Cade Stover,11599
TE,00-0039399,Tanner McLachlan,11598
TE,00-0039420,Jaheim Bell,11605
TE,00-0039530,Brevyn Spann-Ford,11593
TE,00-0039737,Tip Reiman,11716
TE,00-0039754,Devin Culp,11820
TE,00-0039793,AJ Barner,11603
TE,00-0039814,Erick All,11592
TE,00-0039824,Jared Wiley,11595
TE,00-0039847,Theo Johnson,11597
TE,00-0039912,Ben Sinnott,11596
TE,00-0040126,Colston Loveland,12517
TE,00-0040128,Tyler Warren,12518
TE,00-0040187,Mitchell Evans,12473
TE,00-0040189,Oronde Gadsden II,12493
TE,00-0040194,Jackson Hawes,12658
TE,00-0040215,Gavin Bartholomew,12700
TE,00-0040225,Thomas Fidone II,12715
TE,00-0040250,Luke Lachey,12725
TE,00-0040392,Caden Prieskorn,12933
